{"cameraMode":{"drawMode":0,"name":"Shaded","section":"Shading Mode"},"sceneLighting":true,"audioPlay":false,"sceneViewState":{"m_AlwaysRefresh":false,"showFog":true,"showSkybox":true,"showFlares":true,"showImageEffects":true,"showParticleSystems":true,"showVisualEffectGraphs":true,"m_FxEnabled":true},"in2DMode":false,"pivot":{"x":436.5504150390625,"y":90.68315124511719,"z":2.671722412109375},"rotation":{"x":0.31142714619636538,"y":0.08452285081148148,"z":-0.02782226912677288,"w":0.9460946321487427},"size":254.49407958984376,"orthographic":true}