{"cameraMode":{"drawMode":0,"name":"Shaded","section":"Shading Mode"},"sceneLighting":true,"audioPlay":false,"sceneViewState":{"m_AlwaysRefresh":false,"showFog":true,"showSkybox":true,"showFlares":true,"showImageEffects":true,"showParticleSystems":true,"showVisualEffectGraphs":true,"m_FxEnabled":true},"in2DMode":false,"pivot":{"x":-3.0651400089263918,"y":1.7512168884277344,"z":130.07119750976563},"rotation":{"x":-0.04648176208138466,"y":-0.008398572914302349,"z":0.00039074313826859,"w":-0.9988853335380554},"size":78.66820526123047,"orthographic":false}