{"cameraMode":{"drawMode":0,"name":"Shaded","section":"Shading Mode"},"sceneLighting":true,"audioPlay":false,"sceneViewState":{"m_AlwaysRefresh":false,"showFog":true,"showSkybox":true,"showFlares":true,"showImageEffects":true,"showParticleSystems":true,"showVisualEffectGraphs":true,"m_FxEnabled":true},"in2DMode":false,"pivot":{"x":229.17926025390626,"y":126.43025970458985,"z":137.8002166748047},"rotation":{"x":-0.04648176208138466,"y":-0.008398572914302349,"z":0.00039074313826859,"w":-0.9988853335380554},"size":130.35658264160157,"orthographic":false}