{"cameraMode":{"drawMode":0,"name":"Shaded","section":"Shading Mode"},"sceneLighting":true,"audioPlay":false,"sceneViewState":{"m_AlwaysRefresh":false,"showFog":true,"showSkybox":true,"showFlares":true,"showImageEffects":true,"showParticleSystems":true,"showVisualEffectGraphs":true,"m_FxEnabled":true},"in2DMode":false,"pivot":{"x":13.720001220703125,"y":3.1000003814697267,"z":1.8199999332427979},"rotation":{"x":0.31142714619636538,"y":0.08452285081148148,"z":-0.02782226912677288,"w":0.9460946321487427},"size":618.4022827148438,"orthographic":true}